id,brand,item,image,price
1273684,IMARA,IMARA White Top,http://assets.myntassets.com/v1/assets/images/1273684/2016/6/15/11465983783996-IMARA-by-Shraddha-Kapoor-White-Top--9001465983783682-1.jpg ,719
2359425,IMARA,IMARA Women Green Printed Top,http://assets.myntassets.com/v1/assets/images/2359425/2018/2/13/11518527345716-IMARA-Women-Green-Printed-Top-9181518527345430-1.jpg ,499
1434538,IMARA,IMARA Women Green Printed Tank Top,http://assets.myntassets.com/v1/assets/images/1434538/2016/10/17/11476691008543-IMARA-Women-Tops-831476691008167-1.jpg ,979
2359422,IMARA,IMARA Women Black Solid A-Line Top,http://assets.myntassets.com/v1/assets/images/2359422/2018/1/17/11516187973425-IMARA-Women-Black-Solid-A-Line-Top-5981516187973316-1.jpg ,599
1730948,IMARA,IMARA Women White & Red Printed Top,http://assets.myntassets.com/v1/assets/images/1730948/2017/3/15/11489571984586-IMARA-Women-White-Printed-Regular-Top-4031489571984411-1.jpg ,799
1730966,IMARA,IMARA Women Navy & White Printed Top,http://assets.myntassets.com/v1/assets/images/1730966/2017/2/10/11486707737967-IMARA-Women-Navy-Blue-Printed-Regular-Top-4511486707737727-1.jpg ,899
2359454,IMARA,IMARA Women Off-White Printed Top,http://assets.myntassets.com/v1/assets/images/2359454/2018/1/17/11516182578766-IMARA-Women-Off-White-Printed-Top-7721516182578597-1.jpg ,599
2359459,IMARA,IMARA Women Turquoise Blue Solid Top,http://assets.myntassets.com/v1/assets/images/2359459/2018/4/3/11522733787204-IMARA-Women-Turquoise-Blue-Solid-Top-481522733787052-1.jpg ,1299
1273664,IMARA,IMARA Black Floral Print Top,http://assets.myntassets.com/v1/assets/images/1273664/2016/4/29/11461911977882-IMARA-by-Sharddha-Kapoor-Black-Floral-Print-Top-3081461911977512-1.jpg ,479
1134833,IMARA,IMARA Beige & Navy Printed Top,http://assets.myntassets.com/v1/assets/images/1134833/2016/4/29/11461913901405-IMARA-by-Shraddha-Kapoor-Beige--Navy-Printed-Top-7911461913901033-1.jpg ,539
2018018,IMARA,IMARA Women White Solid Top,http://assets.myntassets.com/v1/assets/images/2018018/2017/8/30/11504078438029-IMARA-Women-White-Solid-Top-2191504078437823-1.jpg ,599
1730940,IMARA,IMARA by Women Pink Printed Top,http://assets.myntassets.com/v1/assets/images/1730940/2017/2/10/11486708975417-IMARA-Women-Pink-Printed-Regular-Top-9741486708975104-1.jpg ,799
6937678,IMARA,IMARA Women Green Solid Top,http://assets.myntassets.com/v1/assets/images/6937678/2018/8/30/c2f9babe-67a7-47b6-b3e7-9c41af3c5d241535629754183-IMARA-Women-Turquoise-Blue-Solid-Top-4901535629754056-1.jpg ,639
1781273,IMARA,IMARA Women Red Solid Top,http://assets.myntassets.com/v1/assets/images/1781273/2017/6/20/11497934242917-IMARA-Women-Red-Solid-Top-7221497934242626-1.jpg ,599
2359447,IMARA,IMARA Women Off-White Self Design Top,http://assets.myntassets.com/v1/assets/images/2359447/2018/3/21/11521617623648-IMARA-Women-Off-White-Self-Design-Top-1851521617623414-1.jpg ,779
3250708,Biba,Biba Women Off-White & Navy Blue Printed Kurta with Palazzos & Dupatta,http://assets.myntassets.com/v1/assets/images/3250708/2018/6/20/dd9b16b9-f846-4062-a3c7-2d257f27c8ff1529484508367-Biba-Women-Off-White--Navy-Blue-Printed-Kurta-with-Palazzos--Dupatta-561529484508134-1.jpg ,3999
9313759,Biba,Biba Women Off-White & Blue Printed Kurta with Palazzos & Dupatta,http://assets.myntassets.com/v1/assets/images/9313759/2019/5/20/3fb45b58-9009-4f7a-9490-a65d6d300a631558331462842-Biba-Women-Kurta-Sets-5231558331461020-1.jpg ,2519
6845033,Biba,Biba Women White & Navy Printed Kurta with Palazzos & Dupatta,http://assets.myntassets.com/v1/assets/images/6845033/2018/8/21/0d0cbf6f-2545-431f-a8c3-2361dd2299611534847727876-ASSORTED-3041534847727697-1.jpg ,2099
9314275,Biba,Biba Women Blue & White Solid Kurta with Palazzos & Dupatta,http://assets.myntassets.com/v1/assets/images/9314275/2019/5/15/004255db-a1f2-4f3a-933f-b0c21958d73b1557923214979-Biba-Women-Kurta-Sets-7921557923212560-1.jpg,2144
6844842,Biba,Biba Women Off-White & Black Printed Kurta with Palazzos & Dupatta,http://assets.myntassets.com/v1/assets/images/6844842/2018/12/8/96089442-27f1-4134-8267-c366fcc54b221544271146679-Biba-Women-Off-White--Black-Printed-Kurta-with-Palazzos--Dup-1.jpg ,3300
2111043,Biba,Biba Women Navy Blue & Off-White Kurta with Trousers & Dupatta,http://assets.myntassets.com/v1/assets/images/2111043/2017/9/15/11505473814148-Biba-Women-Kurta-Sets-1781505473813914-1.jpg ,2299
2428136,Biba,Biba Women White & Blue Printed Kurta with Palazzos & Dupatta,http://assets.myntassets.com/v1/assets/images/2428136/2018/2/28/11519817451238-SKD-4851519817451070-1.jpg ,1949
2226085,Biba,Biba Women Off-White Embroidered Kurta with Palazzos & Dupatta,http://assets.myntassets.com/v1/assets/images/2226085/2018/1/10/11515579815794-Biba-Women-Off-White--Embroidered-Kurta-with-Palazzos--Dupatta-2271515579815605-1.jpg ,25500
9314111,Biba,Biba Women Blue & Off-White Printed Kurta with Churidar & Dupatta,http://assets.myntassets.com/v1/assets/images/9314111/2019/5/17/1931166a-9bad-4c60-bba5-7d1aa4cc2faa1558084872785-Biba-Women-Blue--Off-White-Printed-Kurta-with-Churidar--Dupa-1.jpg ,3289
2428092,Biba,Biba Women Navy Blue & Off-White Printed Straight Kurta,http://assets.myntassets.com/v1/assets/images/2428092/2018/2/7/11517982695699-INDIGO-3491517982695512-1.jpg ,699
1740794,Biba,Biba Green & Off-White Embroidered Kurta with Palazzos & Dupatta,http://assets.myntassets.com/v1/assets/images/1740794/2017/2/3/11486123474643-Biba-Green--Cream-Coloured-Embroidered-Kurta-with-Palazzos--Dupatta-8581486123474380-1.jpg ,2339
3250621,Biba,Biba Women Orange & Off-White Embroidered Kurta with Palazzos & Dupatta,http://assets.myntassets.com/v1/assets/images/3250621/2018/5/25/fb74ef2c-0734-4f3f-ac48-dbdf35bd3a6e1527231710953-Biba-Women-Kurta-Sets-9731527231710709-1.jpg ,8212
9313829,Biba,Biba Women Blue & White Solid Kurta with Churidar & Dupatta,http://assets.myntassets.com/v1/assets/images/9313829/2019/5/21/a00f3ec8-476f-4507-842f-9df93bc645b71558420486856-Biba-Women-Blue--White-Solid-Kurta-with-Churidar--Dupatta-50-1.jpg ,5249
1755675,Biba,Biba Orange & Off-White Printed Kurta with Palazzos & Dupatta,http://assets.myntassets.com/v1/assets/images/1755675/2019/7/25/d6d49c7c-d515-4903-84bf-2e72e0ea82ae1564057432033-Biba-Orange-Printed-Kurta-with-Palazzo-Trousers--Dupatta-230-1.jpg ,1874
3250727,Biba,Biba Women Red & White Printed Kurta with Palazzos & Dupatta,http://assets.myntassets.com/v1/assets/images/3250727/2018/5/7/11525693149919-Biba-Women-Red--White-Printed-Kurta-with-Palazzos--Dupatta-611525693149873-1.jpg ,3999
6530021,Global Desi,Global Desi Women Black & Off-White Striped Straight Kurta,http://assets.myntassets.com/v1/assets/images/6530021/2018/6/20/f5f97991-9d87-4b3e-b801-583c2b690eb81529484876309-Global-Desi-Women-Black--Off-White-Striped-Straight-Kurta-711529484876138-1.jpg ,849
9013915,Global Desi,Global Desi Women Off-White & Black Printed Straight Kurta,http://assets.myntassets.com/v1/assets/images/9013915/2019/5/8/0152257c-a2d8-46b2-b44e-31db2e81a8141557296501990-Global-Desi-Women-Kurtas-1421557296500141-1.jpg ,749
7817403,Global Desi,Global Desi Women Black & White Printed Straight Kurta,http://assets.myntassets.com/v1/assets/images/7817403/2018/12/19/87f448c2-9e3f-405c-9fdc-1fd64811268d1545203373308-Global-Desi-Women-Tunics-2181545203372437-1.jpg ,799
1747100,Global Desi,Global Desi Women Off-White Solid Kurta,http://assets.myntassets.com/v1/assets/images/1747100/2017/3/7/11488882261440-Global-Desi-Women-Off-white-Solid-Pakistani-Style-Kurta-8161488882261279-1.jpg ,719
2160795,Global Desi,Global Desi Women Black Printed Straight Kurta,http://assets.myntassets.com/v1/assets/images/2160795/2017/10/17/11508241720394-Global-Desi-Women-Tunics-5101508241720125-1.jpg ,539
9864521,Global Desi,Global Desi Women Off-White Embroidered Straight Kurta,http://assets.myntassets.com/v1/assets/images/9864521/2019/6/8/4c38af13-5f4d-4df6-8061-3f384d2a52f61559993830878-Global-Desi-Women-Off-White-Embroidered-Straight-Kurta-72155-1.jpg ,1949
4379609,Global Desi,Global Desi Women Blue & White Striped A-Line Kurta,http://assets.myntassets.com/v1/assets/images/4379609/2018/4/26/11524741778427-Global-Desi-Women-Kurtas-7641524741778330-1.jpg ,799
7088047,Global Desi,Global Desi Women Blue Self-Striped Straight Kurta,http://assets.myntassets.com/v1/assets/images/7088047/2018/8/13/1dac55e9-09fe-4662-8f82-223be2a819a21534160147953-Global-Desi-Women-Kurtas-2461534160146996-1.jpg ,674
1774430,Global Desi,Global Desi Women Blue & Off-White Printed A-Line Kurta,http://assets.myntassets.com/v1/assets/images/1774430/2017/9/21/11505995161268-Global-Desi-Women-Blue--Off-White-Printed-A-Line-Kurta-8931505995160783-1.jpg ,629
7228989,Global Desi,Global Desi Women Red & Black Printed Straight Kurta,http://assets.myntassets.com/v1/assets/images/7228989/2018/9/5/ba7d5cd8-c8a5-4c52-a1c6-7f39c9a804531536147673103-Global-Desi-Women-Kurtas-51536147672496-1.jpg ,629
4325611,Global Desi,Global Desi Women Beige & Black Printed Straight Kurta,http://assets.myntassets.com/v1/assets/images/4325611/2018/5/10/d7179771-f240-424a-80b8-a792192e8ab91525932857110-Global-Desi-Women-Beige--Black-Printed-Straight-Kurta-8671525932857009-1.jpg ,569
2115647,Global Desi,Global Desi Women Off-White & Black Printed A-Line Dress,http://assets.myntassets.com/v1/assets/images/2115647/2017/10/6/11507280129943-Global-Desi-Women-Off-White-Printed-A-Line-Dress-1671507280129700-1.jpg ,719
5144468,Global Desi,Global Desi Women Black & White Printed A-Line Kurta,http://assets.myntassets.com/v1/assets/images/5144468/2018/4/25/11524654500129-Global-Desi-Women-Tunics-2281524654499986-1.jpg ,919
8791459,Global Desi,Global Desi Women Red & White Printed Straight Kurta,http://assets.myntassets.com/v1/assets/images/8791459/2019/2/20/c4452dc5-d86b-44ec-be24-62403fa50ab61550665037838-Global-Desi-Women-Red--White-Printed-Straight-Kurta-90415506-1.jpg ,849
8791049,Global Desi,Global Desi Women Black Printed A-Line Kurta,http://assets.myntassets.com/v1/assets/images/8791049/2019/3/18/268e190d-e6a2-499d-b2e1-e68e4696c7ae1552902689413-Global-Desi-Women-Black-Printed-A-Line-Kurta-344155290268839-1.jpg ,699
8836245,See Designs,See Designs Men Blue & White Solid Kurta with Trousers,http://assets.myntassets.com/v1/assets/images/productimage/2019/2/20/624a9eed-b48f-4422-b08d-8fe6f63a7ae11550665852975-1.jpg ,1049
8831519,See Designs,See Designs Men White Solid Kurta with Trousers,http://assets.myntassets.com/v1/assets/images/productimage/2019/2/20/2a16d74a-2725-4ebf-a636-c308828903ce1550621021903-1.jpg ,1349
8062907,See Designs,See Designs Men Blue & Grey Solid Kurta with Trousers,http://assets.myntassets.com/v1/assets/images/productimage/2018/11/30/eae2cbd4-8e76-4ca0-a1e2-aa4624502f9f1543577858661-1.jpg ,1399
8062913,See Designs,See Designs Men Pink Solid Kurta with Trousers,http://assets.myntassets.com/v1/assets/images/productimage/2018/11/30/c4296330-169c-4c30-99e4-a01cc19baf151543577723006-1.jpg ,1799
8831485,See Designs,See Designs Men Black & White Solid Kurta with Trousers,http://assets.myntassets.com/v1/assets/images/productimage/2019/2/19/3a77539a-6f98-486a-acce-6c6c8f7e770b1550561022025-1.jpg ,1599
6544327,See Designs,See Designs Men Blue Solid Kurta with Churidar,http://assets.myntassets.com/v1/assets/images/6544327/2018/5/25/a09c7289-58ed-48c4-861f-9f41adbde6be1527244213007-na-1701527244212813-1.jpg ,1399
8831473,See Designs,See Designs Men Pink & Off-White Solid Kurta with Trousers,http://assets.myntassets.com/v1/assets/images/productimage/2019/2/18/a07b9d01-3968-430a-a273-2165b08786731550466353040-1.jpg ,899
8062923,See Designs,See Designs Men Purple Solid Kurta with Trousers,http://assets.myntassets.com/v1/assets/images/productimage/2018/11/30/d0c42b3e-f9fb-4457-8e01-347006b4632a1543577693120-1.jpg ,1199
8062905,See Designs,See Designs Men Turquoise Blue Solid Kurta with Trousers,http://assets.myntassets.com/v1/assets/images/productimage/2018/11/30/ebbe7eb6-91af-4354-a94d-bc1e9bb6ad5c1543577780625-1.jpg ,1199
9837989,See Designs,See Designs Men Maroon & Beige Printed Kurta with Trousers,http://assets.myntassets.com/v1/assets/images/productimage/2019/5/28/f6359057-bb99-4bd8-ab0c-97ebdf041ac51559027719796-1.jpg ,1999
5524429,See Designs,See Designs Men Blue Solid A-Line Kurta,http://assets.myntassets.com/v1/assets/images/5524429/2018/4/26/11524739601948-na-9431524739601735-1.jpg ,879
2484753,See Designs,See Designs Men Blue Solid Kurta with Pyjamas,http://assets.myntassets.com/v1/assets/images/2484753/2018/2/14/11518608422441-See-Designs-Men-Blue-Solid-Kurta-with-Pyjamas-1961518608422251-1.jpg ,1399
9409649,See Designs,See Designs Men Blue Solid Straight Kurta,http://assets.myntassets.com/v1/assets/images/9409649/2019/4/25/ecae4dea-ea49-424e-b7d5-d0a716476a041556189814302-See-Designs-blue-4031556189813427-1.jpg ,1249
9838463,See Designs,See Designs Men Maroon Self Design Kurta with Trousers,http://assets.myntassets.com/v1/assets/images/productimage/2019/5/28/afecdfe7-eb64-44c2-82ab-c9c5b53d51a71559039169974-1.jpg ,1399
9409661,See Designs,See Designs Men Blue & Blue Solid Straight Kurta,http://assets.myntassets.com/v1/assets/images/9409661/2019/4/25/e832e94b-6268-456d-a367-d3a5164e93c41556189951421-See-Designs---blue-4511556189950685-1.jpg ,999
7446928,House of Pataudi,House of Pataudi Men Blue & Black Printed Straight Kurta,http://assets.myntassets.com/v1/assets/images/7446928/2019/3/20/5878fef3-8fe0-4ba8-97c0-1f9d676c2c3a1553076730941-House-of-Pataudi-Men-Blue--Black-Printed-Straight-Kurta-3531-1.jpg ,1319
7770425,House of Pataudi,House of Pataudi Men Black Solid Straight Kurta,http://assets.myntassets.com/v1/assets/images/7770425/2018/12/12/32a75c4c-4263-4828-8cb9-3bd3c1c471e91544599776936-House-of-Pataudi-Men-Black-Solid-Straight-Kurta-991154459977-1.jpg ,759
7441160,House of Pataudi,House of Pataudi Men Beige & Black Printed Straight Kurta,http://assets.myntassets.com/v1/assets/images/7441160/2018/10/31/761d89af-03bf-4d06-a02a-f629fdaaab391540975359956-House-of-Pataudi-Men-Beige--Black-Printed-Straight-Kurta-107-1.jpg ,1749
7263063,House of Pataudi,House of Pataudi Women Black Solid Straight Kurta,http://assets.myntassets.com/v1/assets/images/7263063/2018/10/22/2c511a52-b7f7-4fd4-9ce0-e5adc59a01dd1540211639775-House-of-Pataudi-Women-Black-Solid-Straight-Kurta-7761540211639624-1.jpg ,849
7446923,House of Pataudi,House of Pataudi Men Black Striped Straight Kurta,http://assets.myntassets.com/v1/assets/images/7446923/2018/10/31/b71ba92d-4722-4930-b988-33fba58de93b1540979479276-House-of-Pataudi-Men-Black-Striped-Straight-Kurta-7221540979-1.jpg ,2199
7441183,House of Pataudi,House of Pataudi Men Maroon Printed Straight Kurta,http://assets.myntassets.com/v1/assets/images/7441183/2018/11/10/c5eb2dde-8369-40dc-acd1-98843e9dfe811541830171991-House-of-Pataudi-Men-Maroon-Printed-Straight-Kurta-443154183-1.jpg ,799
7770420,House of Pataudi,House of Pataudi Men White Solid Straight Kurta,http://assets.myntassets.com/v1/assets/images/7770420/2018/12/12/a8081ee4-8f61-47c7-abba-878bedb3dca61544599700406-House-of-Pataudi-Men-White-Solid-Straight-Kurta-627154459969-1.jpg ,899
8802903,House of Pataudi,House of Pataudi Men White Water Repellent Kurta,http://assets.myntassets.com/v1/assets/images/8802903/2019/3/7/11601722-0071-4f78-bfd8-00771c7066821551959526244-House-of-Pataudi-Men-White-HOLI-Water-Repellent-Kurta-401155-1.jpg ,779
8704537,House of Pataudi,House of Pataudi Men Black Woven Design Straight Kurta,http://assets.myntassets.com/v1/assets/images/8704537/2019/4/5/bec806f4-dc25-480a-b1eb-70a0e58c5d501554463768697-House-of-Pataudi-Men-Black-Woven-Design-Straight-Kurta-14315-1.jpg,899
8704549,House of Pataudi,House of Pataudi Men Green Solid Straight Kurta,http://assets.myntassets.com/v1/assets/images/8704549/2019/4/26/03b16951-8be2-454b-931e-916e922c0d071556262068529-House-of-Pataudi-Men-Green-Solid-Straight-Kurta-881556262066-1.jpg ,1799
8504297,House of Pataudi,House of Pataudi Men Red Solid Straight Kurta,http://assets.myntassets.com/v1/assets/images/8504297/2019/3/7/54e7f27d-eb9c-4ac4-913b-adb9a036ca0e1551948449791-House-of-Pataudi-Men-Red-Solid-Straight-Kurta-63015519484479-1.jpg ,1399
7446902,House of Pataudi,House of Pataudi Men Blue Solid Straight Kurta,http://assets.myntassets.com/v1/assets/images/7446902/2019/3/20/574905d6-08dc-45c9-b6e1-95858e5fa3071553076951740-House-of-Pataudi-Men-Blue-Solid-Straight-Kurta-8591553076949-1.jpg ,699
7263068,House of Pataudi,House of Pataudi Women Black Solid A-Line Kurta,http://assets.myntassets.com/v1/assets/images/7263068/2018/10/22/e67195ae-953e-497a-b97e-700a6f93c98d1540205321755-House-of-Pataudi-Women-Black-Yoke-Design-A-Line-Kurta-4881540205321623-1.jpg ,1399
7813877,House of Pataudi,House of Pataudi Men Navy Blue Solid Straight Kurta,http://assets.myntassets.com/v1/assets/images/7813877/2019/1/11/7ca3f341-0ccd-4107-b7ab-c5ff44bcc96d1547192736856-House-of-Pataudi-Men-Navy-Blue-Solid-Straight-Kurta-23215471-1.jpg ,999
7813871,House of Pataudi,House of Pataudi Men Off-White Solid Straight Kurta,http://assets.myntassets.com/v1/assets/images/7813871/2019/1/11/8fca35c7-309a-4108-b200-2b068f5b91891547192732368-House-of-Pataudi-Men-Off-White-Solid-Straight-Kurta-60015471-1.jpg ,599
8627491,Libas,Libas Women Navy Blue Printed A-line Dress with Ethnic Jacket,http://assets.myntassets.com/v1/assets/images/8627491/2019/2/4/c97ca710-2a12-46d6-be76-df79cc5cb11d1549268186102-Libas-Women-Dresses-3551549268184364-1.jpg ,1349
9088751,Libas,Libas Women Black Solid A-Line Dress with Ethnic Jacket,http://assets.myntassets.com/v1/assets/images/9088751/2019/3/29/92e39bce-0d96-405c-888e-5cc205ceeedd1553838740733-Libas-Women-Black-Solid-A-Line-Dress-1451553838739316-1.jpg ,639
9088795,Libas,Libas Women Coral Red Solid A-Line Dress with Ethnic Jacket,http://assets.myntassets.com/v1/assets/images/9088795/2019/3/28/06e5832e-0c1e-4e01-8b05-0cd2a9a8c58d1553765748772-Libas-Women-Dresses-3611553765747225-1.jpg ,799
10356401,Libas,Libas Women Beige & Brown Printed A-Line Dress with Ethnic Jacket,http://assets.myntassets.com/v1/assets/images/10356401/2019/8/6/409fe1f6-b4f1-4b15-84a0-308b5434e4ab1565084309338-Libas-Women-Dresses-9101565084308082-1.jpg ,2099
9088547,Libas,Libas Women Red & White Solid Maxi Dress with Ethnic Jacket,http://assets.myntassets.com/v1/assets/images/9088547/2019/3/28/875d7680-21af-4e0b-b202-eb36b69f04741553758610402-Libas-Women-Dresses-611553758609766-1.jpg ,879
9720171,Libas,Libas Women Green  Solid Maxi Dress with Printed Ethnic Jacket,http://assets.myntassets.com/v1/assets/images/9720171/2019/6/1/f84c11ef-395f-42ae-9433-2413f70554871559386002777-Libas-Women-Green-Solid-Layered-A-Line-Dress-115155938600152-1.jpg ,999
9329317,Libas,Libas Women Black Solid Maxi Dress with Ethnic Jacket,http://assets.myntassets.com/v1/assets/images/9329317/2019/4/24/521fde6d-7894-4c90-adda-391158b8fe551556092626367-Libas-Women-Black-Solid-A-Line-Dress-2741556092624471-1.jpg ,899
8073619,Libas,Libas Women Navy Blue Solid Maxi Dress with Printed Ethnic Jacket,http://assets.myntassets.com/v1/assets/images/8073619/2018/12/10/392fcc8e-2a44-4ad3-9408-4ae1c9f95d9e1544427666631-Libas-Women-Dresses-8641544427664547-1.jpg ,1079
2082552,Libas,Libas Women Red Solid Kurta with Palazzos & Printed Ethnic Jacket,http://assets.myntassets.com/v1/assets/images/2082552/2017/9/7/11504782372017-Libas-Women-Red--Black-Solid-Kurta-with-Palazzos-6961504782370641-1.jpg ,1494
2528349,Libas,Libas Women Maroon Printed A-Line Kurta with Ethnic Jacket,http://assets.myntassets.com/v1/assets/images/2528349/2018/3/15/11521114547714-Libas-Women-Kurtas-7121521114547555-1.jpg ,999
1995900,Libas,Libas Women Orange Solid A-Line Kurta with Printed Ethnic Jacket,http://assets.myntassets.com/v1/assets/images/1995900/2018/3/1/11519904244346-Libas-Women-Orange-Solid-A-Line-Kurta-with-Printed-Ethnic-Jacket-551519904244111-1.jpg ,999
8627509,Libas,Libas Women Brown & Off-White Printed Maxi Dress with Ethnic Jacket,http://assets.myntassets.com/v1/assets/images/8627509/2019/2/4/52b44689-c2ea-4dd1-b674-2767d2ff65951549285558875-Libas-Women-Brown--Off-White-Printed-Maxi-Dress-with-Ethnic--1.jpg ,1499
10356291,Libas,Libas Women Peach-Coloured & Golden A-Line Dress with Ethnic Jacket,http://assets.myntassets.com/v1/assets/images/10356291/2019/8/6/a2f5332f-3feb-4532-b257-73b57285fdae1565073994163-Libas-Women-Dresses-8431565073992053-1.jpg ,2499
5596496,Libas,Libas Women Olive Green & Red Printed A-Line Kurta with Ethnic Jacket,http://assets.myntassets.com/v1/assets/images/5596496/2018/5/14/074d906c-5e00-4e29-bb67-b8d56ad38aed1526281715011-Libas-Women-Olive-Green--Red-Printed-A-Line-Kurta-5551526281714886-1.jpg ,1399
1991297,Libas,Libas Women Pink Solid A-Line Kurta with Ethnic Jacket,http://assets.myntassets.com/v1/assets/images/1991297/2019/3/2/f5a46465-8642-439e-871b-ee255c85709e1551505987524-Libas-Women-Pink-Solid-A-Line-Kurta-7281551505986194-1.jpg ,959
1361954,Freehand,Freehand Black Slim Fit Short Kurta,http://assets.myntassets.com/v1/assets/images/1361954/2016/6/15/11465974905043-Freehand-Black-Slim-Fit-Short-Kurta-5181465974904885-1.jpg ,459
1751921,Freehand,Freehand Men Black Slim Fit Kurta,http://assets.myntassets.com/v1/assets/images/1751921/2017/3/8/11488953299986-Freehand-Men-Black-Slim-Fit-Kurta-4341488953299760-1.jpg ,699
2443552,Freehand,Freehand Men Black Solid Slim Fit Straight Kurta,http://assets.myntassets.com/v1/assets/images/2443552/2018/3/14/11521010491667-Freehand-Men-Kurtas-9211521010491538-1.jpg ,679
7007209,Freehand,Freehand Men Navy Slim Fit Solid Straight Kurta,http://assets.myntassets.com/v1/assets/images/7007209/2018/8/3/1695e4b8-9483-4fd9-b5b2-3ab9ab849aae1533277972436-Freehand-Men-Navy-Blue-Solid-Straight-Kurta-7121533277970966-1.jpg ,769
6632495,Freehand,Freehand Men Pink & White Slim Fit Solid Kurta with Pyjamas,http://assets.myntassets.com/v1/assets/images/6632495/2018/6/12/f1ca6e2f-784c-429e-8eda-5b7bde34e5801528802123618-Freehand-Men-Pink-Solid-Kurta-with-Churidar-3831528802122428-1.jpg ,959
2443557,Freehand,Freehand Men Purple Slim Fit Solid Straight Kurta,http://assets.myntassets.com/v1/assets/images/2443557/2018/3/14/11521010484956-Freehand-Men-Kurtas-5561521010484821-1.jpg ,1699
1923383,Freehand,Freehand Men Pink Checked Straight Kurta,http://assets.myntassets.com/v1/assets/images/1923383/2017/7/21/11500622806214-Freehand-Men-Orange-Checked-Straight-Kurta-1351500622805949-1.jpg ,599
1143237,Freehand,Freehand Blue Short Kurta,http://assets.myntassets.com/v1/assets/images/1143237/2016/3/1/11456816823166-Freehand-Men-Kurtas-2421456816822626-1.jpg ,594
6632483,Freehand,Freehand Men Blue & White Slim Fit Solid Kurta with Pyjamas,http://assets.myntassets.com/v1/assets/images/6632483/2018/6/12/e4bf9d2e-dd51-4a2e-bcd4-79bcbbfd6fa71528803194988-Freehand-Men-Blue-Solid-Kurta-with-Churidar-1411528803194158-1.jpg ,959
6871195,Freehand,Freehand Men Yellow Checked Straight Kurta,http://assets.myntassets.com/v1/assets/images/6871195/2018/7/16/a18e9fdd-6c76-44c5-af54-50094e249ade1531720607636-Freehand-Men-Kurtas-8031531720606799-1.jpg ,749
6871189,Freehand,Freehand Men Blue & White Checked Straight Kurta,http://assets.myntassets.com/v1/assets/images/6871189/2018/7/16/7d77f1d5-c7f2-4f2e-926a-1ea9145f8bc61531723985242-Freehand-Men-Kurtas-2791531723983705-1.jpg ,599
8605839,Freehand,Freehand Men Pink Solid Straight Kurta,http://assets.myntassets.com/v1/assets/images/8605839/2019/1/31/f4ef8e99-7e4e-4b99-b34c-37171e9aade11548936442712-Freehand-Men-Pink-Solid-Straight-Kurta-9241548936441693-1.jpg ,944
2261609,Freehand,Freehand Men Blue Straight Kurta,http://assets.myntassets.com/v1/assets/images/2261609/2017/11/21/11511270736084-Freehand-Men-Blue-Striped-Straight-Kurta-1751511270735939-1.jpg ,549
6871142,Freehand,Freehand Men Olive Green Checked A-Line Kurta,http://assets.myntassets.com/v1/assets/images/6871142/2018/7/17/78fac86a-edfa-4ecc-a64b-df119c36101f1531820781603-Freehand-Men-Kurtas-1691531820780765-1.jpg ,594
8919579,Freehand,Freehand Men Blue Solid Straight Kurta,http://assets.myntassets.com/v1/assets/images/8919579/2019/5/22/30d8028e-d345-4b3d-ad58-23057722bdcd1558526715626-Freehand-Men-Blue-Solid-Straight-Kurta-351558526714610-1.jpg ,629
2072410,Manyavar,Manyavar Men Blue & White Self-Design Kurta with Churidar,http://assets.myntassets.com/v1/assets/images/2072410/2017/9/5/11504600770611-Manyavar-Men-Kurta-Sets-7871504600770411-1.jpg ,2999
7705319,Manyavar,Manyavar Men White Self Design Kurta with Churidar,http://assets.myntassets.com/v1/assets/images/7705319/2018/10/29/398836b5-08e0-435c-9a5d-f7dc6f5379741540807712419-Manyavar-Mens-White-Full-Sleeve-Regular-Fit-Banded-Collar-Kurta--Churidar-Set-6591540807712236-1.jpg ,2999
7007476,Manyavar,Manyavar Men Off-White Self Design Kurta with Churidar,http://assets.myntassets.com/v1/assets/images/7007476/2018/7/24/26396652-ffcb-46a8-b3fc-20994b2416ef1532415485723-Manyavar-Mens-Off-White-Full-Sleeve-Kurta-with-Churidar-9421532415485531-1.jpg ,2999
2436334,Manyavar,Manyavar Men Blue & White Self Design Kurta with Churidar,http://assets.myntassets.com/v1/assets/images/2436334/2018/1/31/11517380957141-Manyavar-Blue-Kurta-and-Churidar-Set-6431517380956946-1.jpg ,2999
2422815,Manyavar,Manyavar Men Beige Self-Design Kurta with Churidar,http://assets.myntassets.com/v1/assets/images/2422815/2018/1/23/11516701450589-Manyavar-Beige-Kurta-Set-2681516701450496-1.jpg ,1999
2488800,Manyavar,Manyavar Men Blue & Black Self Design Kurta with Churidar,http://assets.myntassets.com/v1/assets/images/2488800/2018/2/14/11518603401915-Manyavar-Men-Blue--Black-Self-Design-Kurta-with-Churidar-5311518603401748-1.jpg ,2999
2488796,Manyavar,Manyavar Men Off-White & Beige Self Design Kurta with Churidar,http://assets.myntassets.com/v1/assets/images/2488796/2018/2/14/11518591652203-Manyavar-Off-White-Kurta-Set-8311518591652019-1.jpg,2999
7007472,Manyavar,Manyavar Men Blue & Beige Self Design Kurta with Churidar,http://assets.myntassets.com/v1/assets/images/7007472/2018/7/24/c78f1cef-8344-46f5-a15d-794cd04078711532415438330-Manyavar-Mens-Blue-Full-Sleeve-Kurta-with-Beige-Churidar-6141532415438145-1.jpg ,2999
7251329,Manyavar,Manyavar Men Green & Black Self Design Kurta with Churidar,http://assets.myntassets.com/v1/assets/images/7251329/2018/8/30/d0e316ad-0cbf-4282-abfb-22db20865c011535617527280-Manyavar-Mens-Green-Designer-Kurta-Paired-with-Black-Churidar-9401535617527068-1.jpg ,2999
7431889,Manyavar,Manyavar Men Red Self Design Kurta with Churidar,http://assets.myntassets.com/v1/assets/images/7431889/2018/9/19/1e879175-e054-4855-9cb1-e0fa8b32bd2a1537337292502-Manyavar-Mens-Red-Full-Sleeve-Regular-Fit-Self-Designed-Kurta--Churidar-Set-8641537337292306-1.jpg ,4999
6821245,Manyavar,Manyavar Men Beige Self Design Kurta with Churidar,http://assets.myntassets.com/v1/assets/images/6821245/2018/6/29/03d1a693-3cd6-4ef0-bd8b-0c726eb0b09f1530255922464-Manyavar-Men-Beige-Kurta-with-Churidar-1931530255922280-1.jpg ,2999
2488809,Manyavar,Manyavar Men Beige & Maroon Self Design Kurta with Churidar,http://assets.myntassets.com/v1/assets/images/2488809/2018/2/14/11518603409849-Manyavar-Men-Beige--Maroon-Self-Design-Kurta-with-Churidar-4941518603409652-1.jpg ,2999
2375182,Manyavar,Manyavar Men Orange & Beige Self-Design Kurta with Churidar,http://assets.myntassets.com/v1/assets/images/2375182/2018/1/3/11514963980641-Manyavar-Navy-Blue-Kurta-Set-9411514963980489-1.jpg ,2999
7251325,Manyavar,Manyavar Men Maroon Self Design Kurta with Churidar,http://assets.myntassets.com/v1/assets/images/7251325/2018/8/30/00723685-f8bf-437f-9891-24035d32f00d1535617480792-Manyavar-Mens-Maroon-Designer-Kurta-Paired-with-Matching-Churidar-6801535617480668-1.jpg ,3999
2488756,Manyavar,Manyavar Men Navy Blue & Beige Self Design Kurta with Churidar,http://assets.myntassets.com/v1/assets/images/2488756/2018/2/14/11518591619045-Manyavar-Navy-Blue-Kurta-Set-2751518591618861-1.jpg ,2999
7330001,Sangria,Sangria Women Pink Printed Straight Kurta,http://assets.myntassets.com/v1/assets/images/7330001/2018/10/6/8e5fc1cf-4340-4d91-971b-958fc570f26c1538810129986-Textured-Chanderi-Kurta-With-Dori-Tassels-Deatil-And-Elbow-L-1.jpg ,749
6892711,Sangria,Sangria Women Pink Solid Straight Kurta,http://assets.myntassets.com/v1/assets/images/6015796/2018/5/17/470a5471-5d94-4119-b67b-bf7f90a452071526538074140-V-Neck-Textured-Yarn-Dyedstraight-Fit-Kurta-With-34Th-Sleeves-7161526538074003-1.jpg,899
6892616,Sangria,Sangria Women Beige Embroidered Straight Kurta,http://assets.myntassets.com/v1/assets/images/6892616/2018/7/9/26096586-a23e-46e5-bd94-bb0d142ee9cf1531139216601-Sangria-Women-Beige-Embroidered-Straight-Kurta-5331531139214-1.jpg ,749
6892779,Sangria,Sangria Women White & Pink Printed Straight Kurta,http://assets.myntassets.com/v1/assets/images/6536236/2018/5/25/59651ba2-e5f6-4834-a59e-74afbf3813411527231722047-Printed-Cowlled-Kurta-With-Shirt-Collar-Front-Placket-Detail-And-34Th-Sleeves-1071527231721909-1.jpg ,649
8944837,Sangria,Sangria Women Navy Blue Embroidered Straight Kurta,http://assets.myntassets.com/v1/assets/images/8944837/2019/3/1/983f9f8f-4e72-42d8-93e9-416d85a62a491551444292713-Round-Neck-Embroidered-Straight-Fit-Kurta-With-34Th-Sleeves--1.jpg ,349
6916477,Sangria,Sangria Women Black Embroidered A-Line Kurta,http://assets.myntassets.com/v1/assets/images/productimage/2018/7/10/0891bd45-7f0b-46b6-97af-73ba0246b4f51531205092945-1.jpg ,649
6892937,Sangria,Sangria Women Pink Solid A-Line Kurta,http://assets.myntassets.com/v1/assets/images/5421745/2018/4/23/11524467440490-Band-Collar-Yarn-Dyed-Cotton-Tunic-With-34Th-Sleeves-4521524467440320-1.jpg ,649
8350201,Sangria,Sangria Women Pink & Off-White Printed Straight Kurta,http://assets.myntassets.com/v1/assets/images/8350201/2019/2/12/1cda053d-9466-4061-8f2e-e69bb97f4fe71549969556290-Printed-Band-Collar-Straight-Fit-Kurta-With-34th-Sleeves-753-1.jpg,499
9371001,Sangria,Sangria Women Blue Solid Straight Kurta,http://assets.myntassets.com/v1/assets/images/9371001/2019/5/14/f4a1985f-26bc-450a-82ab-f2b5a4ce3e521557837384832-Sangria-Women-Kurtas-7101557837382797-1.jpg ,679
8349193,Sangria, Sangria Women Blue Solid Straight Kurta,http://assets.myntassets.com/v1/assets/images/8349193/2019/6/10/868c7d4d-ceaf-4b8b-a63f-6ae124e5a10d1560159052278-Embroidered-Round-Neck-Kurta-With-34Th-Sleeves-6901560159049-1.jpg ,799
4327938,Sangria,Sangria Women Black Printed Straight Kurta,http://assets.myntassets.com/v1/assets/images/4327938/2018/3/22/11521720271762-Sangria-Women-Black-Printed-Straight-Kurta-7791521720271622-1.jpg ,449
8349839,Sangria,Sangria Women Green Printed Straight Kurta,http://assets.myntassets.com/v1/assets/images/8349839/2019/4/2/50b7a3ee-1011-4f69-b79b-9ce86e05c3b71554205979875-Printed-Band-Collar-Straight-Fit-Kurta-With-34th-Sleeves-566-1.jpg ,999
6892529,Sangria,Sangria Women Beige Printed Straight Kurta,http://assets.myntassets.com/v1/assets/images/productimage/2018/7/6/27cd3bf8-a41c-45dd-8234-e7974b40586c1530889181800-1.jpg ,849
8420313,Sangria,Sangria Women Black Solid Straight Kurta,http://assets.myntassets.com/v1/assets/images/8420313/2019/2/27/1090fafe-343a-4d41-91be-de5df32cd7611551267377101-Solid-Shirt-Collar-A-Line-Kurta-With-Button-Detail-At-Side-S-1.jpg ,519
9371125,Sangria,Sangria Women Green Solid Straight Kurta,http://assets.myntassets.com/v1/assets/images/9371125/2019/6/8/27c180ba-0a42-4b40-bb39-66300b69a77f1559972684265-Sangria-Women-Kurtas-2051559972683278-1.jpg ,649
2323036,Anouk,Anouk Women Maroon Printed A-Line Kurta,http://assets.myntassets.com/v1/assets/images/2323036/2018/1/24/11516776617692-Anouk-Women-Maroon-Printed-A-Line-Kurta-7771516776617580-1.jpg ,509
2323147,Anouk,Anouk Women Maroon & Black Printed A-Line Kurta,http://assets.myntassets.com/v1/assets/images/2323147/2018/1/12/11515747570409-Anouk-Women-Red--Black-Printed-Anarkali-Kurta-1011515747570328-1.jpg ,1899
7764069,Anouk,Anouk Women Maroon Embroidered A-Line Kurta,http://assets.myntassets.com/v1/assets/images/7764069/2019/3/25/19325ac4-8dd7-4021-8076-d6ccb587bf7e1553507867434-Anouk-Women-Maroon-Embroidered-Straight-Kurta-29415535078660-1.jpg ,879
6529320,Anouk,Anouk Women Beige & Maroon Printed A-Line Kurta,http://assets.myntassets.com/v1/assets/images/6529320/2018/9/15/b4fe7f12-933e-4699-8f0d-018a2cd4e0b41537011054235-Anouk-Women-Beige--Maroon-Printed-A-Line-Kurta-7791537011052-1.jpg ,1899
1680900,Anouk,Anouk Women Blue Solid A-Line Kurta,http://assets.myntassets.com/v1/assets/images/1680900/2017/3/7/11488884331291-Anouk-Women-Blue-Solid-A-Line-Kurta-7571488884331097-1.jpg ,679
9367367,Anouk,Anouk Men Maroon Solid Straight Kurta,http://assets.myntassets.com/v1/assets/images/9367367/2019/5/16/438ce2fc-ba9d-4496-bc6e-ea7c9fa414641558001555709-Anouk-Men-Maroon-Solid-Straight-Kurta-9501558001553831-1.jpg ,719
1681478,Anouk,Anouk Women Maroon Printed Straight Kurta,http://assets.myntassets.com/v1/assets/images/1681478/2017/4/17/11492430953842-Anouk-Women-Kurtas-5111492430953631-1.jpg ,549
7187252,Anouk,Anouk Women Black Solid A-Line Kurta,http://assets.myntassets.com/v1/assets/images/7187252/2018/11/5/941e647b-02f4-413e-809d-3c89989117381541416365876-Anouk-Women-Black-Solid-A-Line-Kurta-7411541416365047-1.jpg ,719
2017286,Anouk,Anouk Women Green Solid A-Line Kurta,http://assets.myntassets.com/v1/assets/images/2017286/2017/9/7/11504778876181-Anouk-Women-Green-Solid-A-Line-Kurta-8591504778876162-1.jpg ,1699
7085492,Anouk,Anouk Women Maroon & Off-White Printed A-line Kurta,http://assets.myntassets.com/v1/assets/images/7085492/2019/2/22/6109e5d7-93c6-4e78-92bb-4fdcfa077c951550811278904-Anouk-Women-Maroon--Off-White-Printed-A-line-Kurta-289155081-1.jpg ,1039
1781592,Anouk,Anouk Women Red Solid A-Line Kurta,http://assets.myntassets.com/v1/assets/images/1781592/2017/11/7/11510054865638-Anouk-Women-Red-Solid-A-Line-Kurta-9101510054865479-1.jpg ,1499
7751571,Anouk,Anouk Women Maroon & Beige Printed A-Line Kurta,http://assets.myntassets.com/v1/assets/images/7751571/2019/1/17/38a06eeb-c7fe-4298-83b5-50d7618532181547709318158-Anouk-Women-Maroon--Beige-Printed-A-Line-Kurta-8981547709317-1.jpg ,1049
7139134,Anouk,Anouk Women Navy & Maroon Printed A-Line Kurta,http://assets.myntassets.com/v1/assets/images/7139134/2018/9/14/8a5c337a-308b-40c4-a208-f2868e159cec1536930475905-Anouk-Women-Navy-Blue--Maroon-Printed-A-Line-Kurta-805153693-1.jpg ,2299
1775958,Anouk,Anouk Women Blue A-Line Kurta,http://assets.myntassets.com/v1/assets/images/1775958/2017/12/8/11512731295484-Anouk-Women-Blue-A-Line-Kurta-3491512731295346-1.jpg ,909
2135512,Anouk,Anouk Women Grey Solid A-Line Kurta,http://assets.myntassets.com/v1/assets/images/2135512/2017/10/24/11508843329662-Anouk-Women-Kurtas-5471508843329577-1.jpg ,759
7748134,Style Quotient,Style Quotient Women Black Woven Design Shawl,http://assets.myntassets.com/v1/assets/images/7748134/2018/12/15/6e7982af-afef-4d59-bcab-c03e0f85a6d91544864976382-Shawl-6611544864975647-1.jpg ,506
7748121,Style Quotient,Style Quotient Women Multicoloured Woven Design Shawl,http://assets.myntassets.com/v1/assets/images/7748121/2018/12/15/fa1829ed-f6a4-4162-be87-8609251d13441544862884824-Shawl-9861544862883712-1.jpg ,489
7610255,Style Quotient,Style Quotient Women Black Solid Shawl,http://assets.myntassets.com/v1/assets/images/7610255/2018/11/21/83be8182-3a7a-4568-89ca-1b3383d7259e1542780783981-Shawl-4041542780783920-1.jpg ,1124
7610241,Style Quotient,Style Quotient Women Grey Self-Design Shawl,http://assets.myntassets.com/v1/assets/images/7610241/2018/11/20/4e7c9564-3911-464e-b12b-05a8fb8b449b1542710386138-Shawl-3231542710385959-1.jpg ,1499
7748113,Style Quotient,Style Quotient Women Coral Orange & Grey Checked Shawl,http://assets.myntassets.com/v1/assets/images/7748113/2018/12/18/179a235b-9bc7-405c-8019-1f702ec258e11545126576693-Shawl-6081545126575820-1.jpg ,489
7610292,Style Quotient,Style Quotient by noi Women Black & Pink Self-Design Shawl,http://assets.myntassets.com/v1/assets/images/7610292/2018/11/21/c7c1b5f1-576f-4d8e-bbda-f6bb47060d081542780793689-Shawl-5631542780793593-1.jpg ,1499
7748099,Style Quotient,Style Quotient Women Teal Blue & Pink Self-Checked Shawl,http://assets.myntassets.com/v1/assets/images/7748099/2018/12/15/a803ac69-1b32-4de4-b6d4-083e104630041544865655517-Style-Quotient-Women-Teal--Pink-Woven-Design-Stole-324154486-1.jpg ,1349
5835550,Style Quotient,Style Quotient Men Blue Solid Chambray Straight Kurta,http://assets.myntassets.com/v1/assets/images/5835550/2018/6/9/37c9b9c9-dc87-4f4a-8e43-6bf7ca0014001528537192817-Style-Quotient-Men-Kurtas-4391528537192651-1.jpg ,699
7610266,Style Quotient,Styled Quotient Women White & Burgundy Checked Shawl,http://assets.myntassets.com/v1/assets/images/7610266/2018/11/21/1b6e8e54-8595-4306-afd7-4bd5a38b0f971542780986892-Shawl-4431542780986761-1.jpg,1499
8821079,Banarasi Style,Banarasi Style Beige & Blue Woven Design Dupatta,http://assets.myntassets.com/v1/assets/images/8821079/2019/2/28/7f076e77-2b75-482e-9283-d75e9e01e1e71551337112051-Banarasi-Style-Beige--Blue-Woven-Design-Dupatta-594155133711-1.jpg ,699
8820959,Banarasi Style,Banarasi Style Black & Golden Woven Design Dupatta,http://assets.myntassets.com/v1/assets/images/8820959/2019/2/28/298e8fae-4530-40bd-ba7f-915f107613a91551352697904-Banarasi-Style-Women-Dupatta-1601551352697141-1.jpg ,1124
7085710,Banarasi Style,Banarasi Style Green & Golden Woven Design Dupatta,http://assets.myntassets.com/v1/assets/images/7085710/2018/8/21/67b474f1-78fe-4661-abfc-bfd8971726891534851162345-Banarasi-Style-Green--Gold-Toned-Printed-Dupatta-3591534851162309-1.jpg ,1566
9374225,Banarasi Style,Banarasi Style Red & Golden Woven Design Dupatta,http://assets.myntassets.com/v1/assets/images/9374225/2019/5/14/a3c8b37f-477e-40b5-a3e2-2c92fba0d1fc1557815416352-Banarasi-Style-Red--Golden-Woven-Design-Dupatta-972155781541-1.jpg ,961
8820963,Banarasi Style,Banarasi Style Mustard Yellow & Golden Woven Design Dupatta,http://assets.myntassets.com/v1/assets/images/8820963/2019/2/28/a647ec4b-e19d-4e1d-8b79-470ac7bb91c71551352483167-Banarasi-Style-Women-Dupatta-9361551352482358-1.jpg ,1071
9762879,Banarasi Style,Banarasi Style Blue & Golden Woven Design Dupatta,http://assets.myntassets.com/v1/assets/images/9762879/2019/6/11/a8c9c2d7-5fa2-4a64-913d-211f67b092691560237651711-Banarasi-Style-Blue--Golden-Woven-Design-Dupatta-28015602376-1.jpg ,989
3077146,Hangup,Hangup Men Blue Solid Straight Kurta,http://assets.myntassets.com/v1/assets/images/3077146/2018/3/10/11520656184978-Hangup-Men-Blue-Solid-Straight-Kurta-7181520656184777-1.jpg ,699
6958760,Hangup,Hangup Men Black & White Printed Straight Kurta,http://assets.myntassets.com/v1/assets/images/6958760/2018/7/17/02aba4ca-801e-40ab-bc15-d034f6b275d11531829392656-Hangup-Men-Charcoal--White-Printed-Straight-Kurta-4011531829392513-1.jpg ,599
2453747,Hangup,Hangup Men White Solid Straight Kurta,http://assets.myntassets.com/v1/assets/images/2453747/2018/2/6/11517896469064-Hangupwhite-colorDupain-Silk-kurta-pajyma--kurta-only-Size38-3971517896468863-1.jpg ,749
6958794,Hangup,Hangup Men Green & Blue Solid Straight Kurta,http://assets.myntassets.com/v1/assets/images/6958794/2018/7/17/5a2180d9-90eb-421a-9bac-f5848595198b1531829670389-Hangup-Men-Green--Blue-Solid-Straight-Kurta-6681531829670179-1.jpg ,749
6958789,Hangup,Hangup Men Blue & Multicoloured Printed Straight Kurta,http://assets.myntassets.com/v1/assets/images/6958789/2018/7/17/8492797d-9310-46b9-9746-f27e77dadf181531829531191-Hangup-Men-Blue--Multicoloured-Printed-Straight-Kurta-8181531829530982-1.jpg ,699
3077134,Hangup,Hangup Men Green Solid Straight Kurta,http://assets.myntassets.com/v1/assets/images/3077134/2018/3/10/11520656102826-Hangup-Men-Green-Solid-Straight-Kurta-5131520656102687-1.jpg ,699
2419829,Hangup,Hangup Men Yellow Solid Straight Kurta,http://assets.myntassets.com/v1/assets/images/2419829/2018/1/23/11516685664248-Hangup-Men-Yellow-Solid-Straight-Kurta-7581516685664067-1.jpg ,599
6958765,Hangup,Hangup Men Purple Printed Straight Kurta,http://assets.myntassets.com/v1/assets/images/6958765/2018/7/17/f3b393c0-ce89-4280-833f-a101446b90741531829471326-Hangup-Men-Purple--Multicoloured-Printed-Straight-Kurta-511531829471088-1.jpg ,699
7275558,Hangup,Hangup Men Blue Printed Kurta with Churidar,http://assets.myntassets.com/v1/assets/images/7275558/2018/9/4/857d8b24-6cc7-4746-ba73-c9a100b88c781536056367594-hangup-designer-printed-kurta-pajyma-set-size38-7771536056367376-1.jpg ,1199
2453739,Hangup,Hangup Men Brown Solid Straight Kurta,http://assets.myntassets.com/v1/assets/images/2453739/2018/2/6/11517895664541-HangupBrown-colorDupain-Silk-kurta-pajyma--kurta-only-Size38-3551517895664271-1.jpg ,749
9799407,Hangup,Hangup Men Blue & White Printed Kurta with Pyjamas,http://assets.myntassets.com/v1/assets/images/productimage/2019/5/24/17eb56c8-d2d4-48a5-a3ae-0dc213d005fe1558658057615-1.jpg ,924
5566440,Hangup,Hangup Men White & Blue Solid Kurta with Pyjamas,http://assets.myntassets.com/v1/assets/images/5566440/2018/4/28/11524898782862-hangup-3pics-mens-dhoti-kurta-sets-811524898782669-1.jpg ,2399
6959354,Hangup,Hangup Men Multicoloured Printed Straight Kurta,http://assets.myntassets.com/v1/assets/images/6959354/2018/7/17/b35016fa-ecba-4135-abde-5e72070f1b851531829717890-hangup-mens-printed-kurta-cotton-full-sleeve-multi-colored-size-40-3831531829717662-1.jpg ,699
2280402,Hangup,Hangup Men Blue Solid Kurta with Churidar,http://assets.myntassets.com/v1/assets/images/2280402/2017/11/25/11511582665540-na-311511582665405-1.jpg ,899
8932777,Hangup,Hangup Men White Printed Kurta with Pyjamas,http://assets.myntassets.com/v1/assets/images/8932777/2019/3/22/3241e566-0abe-46e7-b543-4b4f7ca6ddce1553247904225-Hangup-Men-White-Printed-Kurta-with-Pyjamas-6161553247902629-1.jpg ,1359
7456812,Anouk,Anouk Women Gold-Toned Solid Heels,http://assets.myntassets.com/v1/assets/images/7456812/2019/1/10/d3820445-c8ff-481b-b0a3-2b098abeb1f01547115351406-Anouk-Women-Gold-Toned-Solid-Heels-2321547115350110-1.jpg ,839
8671691,Anouk,Anouk Women Grey Solid Heels,http://assets.myntassets.com/v1/assets/images/8671691/2019/4/9/57b405a2-711e-4f04-bfff-68b5359abf261554787043520-Anouk-Women-Heels-4761554787041687-1.jpg ,749
7456806,Anouk,Anouk Women Gold-Toned Solid Platform Heels,http://assets.myntassets.com/v1/assets/images/7456806/2019/1/10/b00a8777-a4ff-4ab5-a451-b843d0803f3e1547115291679-Anouk-Women-Gold-Toned-Solid-Platform-Heels-1751547115290262-1.jpg ,1049
8786711,Anouk,Anouk Women Gunmetal-Toned Solid Heels,http://assets.myntassets.com/v1/assets/images/8786711/2019/5/28/3156e84a-2873-4f95-b616-6b4580aa62ff1559040563659-Anouk-Women-Gunmetal-Toned-Solid-Sandals-2591559040562950-1.jpg ,1299
7590721,Anouk,Anouk Women Gold-Toned Woven Design Wedges,http://assets.myntassets.com/v1/assets/images/7590721/2018/12/17/2902f3ff-9afe-495a-8faf-67cf495219771545052200922-Anouk-Women-Gold-Toned-Solid-Sandals-2161545052200129-1.jpg ,799
1219761,Anouk,Anouk Women Black Heels,http://assets.myntassets.com/v1/assets/images/1219761/2016/2/22/11456140878378-Anouk-Women-Heels-6271456140878027-1.jpg ,2499
8672081,Anouk,Anouk Women Gold-Toned Woven Design Sandals,http://assets.myntassets.com/v1/assets/images/8672081/2019/4/8/74765a0f-bed7-4d2f-92e2-d53a782b7b301554723097188-Anouk-Women-Gold-Toned-Woven-Design-Sandals-361554723096270-1.jpg ,599
4371864,Anouk,Anouk Women Gold-Toned & Grey Woven Design Sandals,http://assets.myntassets.com/v1/assets/images/4371864/2018/6/5/996d3389-12f3-4432-8fc5-f35ca421516c1528202168275-Anouk-Women-Heels-5251528202168077-1.jpg,759
8786671,Anouk,Anouk Women Beige Solid Comfort Heels ,http://assets.myntassets.com/v1/assets/images/8786671/2019/6/14/8bb1803e-e49b-438e-adc2-035e704e603c1560512273215-Anouk-Women-Beige-Solid-Comfort-Heels--9841560512271177-1.jpg ,879
4371865,Anouk,Anouk Women Peach-Coloured Woven Design Heels,http://assets.myntassets.com/v1/assets/images/4371865/2018/6/5/1eb80a82-974c-454d-93f9-3b30ab379a7f1528202137484-Anouk-Women-Peach-Coloured-Woven-Design-Sandals-361528202137306-1.jpg ,759
7456804,Anouk,Anouk Women Blue & Silver-Toned Printed Platform Heels,http://assets.myntassets.com/v1/assets/images/7456804/2019/1/10/6b58b2a0-0f5f-4599-b002-9b430ba450031547115263667-Anouk-Women-Blue--Silver-Toned-Printed-Platform-Heels-101154-1.jpg ,839
8786947,Anouk,Anouk Women Navy Blue Solid Heels,http://assets.myntassets.com/v1/assets/images/8786947/2019/5/28/640c38d7-2eac-49b3-bb34-0c12aa7471f61559041678600-Anouk-Women-Navy-Blue-Solid-Sandals-4321559041676339-1.jpg ,879
7456814,Anouk,Anouk Women Off-White Solid Heels,http://assets.myntassets.com/v1/assets/images/7456814/2019/1/10/55d86260-727a-46cc-80a3-501185875c761547115384756-Anouk-Women-Off-White-Solid-Heels-4831547115383265-1.jpg ,839
8786877,Anouk,Anouk Women Pink & Gold-Toned Printed Comfort Heels with Laser Cuts,http://assets.myntassets.com/v1/assets/images/8786877/2019/6/14/dcd504e4-1919-4694-9525-a9f72d19f1791560495584129-Anouk-Women-Pink--Gold-Toned-Printed-Comfort-Heels-with-Lase-1.jpg ,879
6762106,Anouk,Anouk Women Pink & Gold-Toned Woven Design One Toe Flats,http://assets.myntassets.com/v1/assets/images/6762106/2018/8/21/f8d8dce1-e7f3-4e0e-824d-db145e3cbd291534850919098-Anouk-Women-Flats-7011534850918853-1.jpg ,1599
